{
    "Exact": {
        "solve time": {
            "4": [
                0.04059458800475113
            ]
        }
    },
    "FD": {
        "all_times": {
            "4": [
                [
                    0.0
                ],
                [
                    1.9947173700056737
                ],
                [
                    1.9986406800016994
                ],
                [
                    2.00250354000309
                ],
                [
                    2.00635011200211
                ],
                [
                    2.010165860003326
                ],
                [
                    2.0139918620116077
                ],
                [
                    2.017811170007917
                ],
                [
                    2.0216147570026806
                ],
                [
                    2.0254442940058652
                ],
                [
                    2.0292476860049646
                ]
            ]
        },
        "build times": {
            "4": [
                1.988735416001873
            ]
        },
        "errors": {
            "4": [
                [
                    1.0
                ],
                [
                    0.006560783249087768
                ],
                [
                    0.00012543666650902032
                ],
                [
                    2.182278196453574e-06
                ],
                [
                    3.567553312544169e-08
                ],
                [
                    5.70540375796568e-10
                ],
                [
                    9.054635154528212e-12
                ],
                [
                    1.4408298399045453e-13
                ],
                [
                    8.512173816130377e-15
                ],
                [
                    7.327346717850569e-15
                ],
                [
                    7.358951200284803e-15
                ]
            ]
        },
        "iteration times": {
            "4": [
                0.02331331710302038
            ]
        }
    },
    "Gauss": {
        "all_times": {
            "4": [
                [
                    0.0
                ],
                [
                    0.23792282299837098
                ],
                [
                    0.24311197800852824
                ],
                [
                    0.24825611599953845
                ],
                [
                    0.25341414399736095
                ],
                [
                    0.25856486600241624
                ],
                [
                    0.2637136560078943
                ],
                [
                    0.2688733770046383
                ],
                [
                    0.27404510900669266
                ],
                [
                    0.27922455201041885
                ],
                [
                    0.28444374100945424
                ]
            ]
        },
        "build times": {
            "4": [
                0.23205150199646596
            ]
        },
        "errors": {
            "4": [
                [
                    1.0
                ],
                [
                    0.5030856510031094
                ],
                [
                    0.109781019635285
                ],
                [
                    0.057922886162426
                ],
                [
                    0.01662093489587856
                ],
                [
                    0.008206393623941094
                ],
                [
                    0.0029339589239542356
                ],
                [
                    0.0014115518879131617
                ],
                [
                    0.0006155136732157044
                ],
                [
                    0.0003060686653155702
                ],
                [
                    0.00015293750377403122
                ]
            ]
        },
        "iteration times": {
            "4": [
                0.029105534208065366
            ]
        }
    },
    "RFD": {
        "all_times": {
            "4": [
                [
                    0.0
                ],
                [
                    1.9722041560016805
                ],
                [
                    1.9761100829928182
                ],
                [
                    1.9799904319952475
                ],
                [
                    1.9838224449922564
                ],
                [
                    1.987656892000814
                ],
                [
                    1.991491700988263
                ],
                [
                    1.9953183109901147
                ],
                [
                    1.9991756379895378
                ],
                [
                    2.0030317469936563
                ],
                [
                    2.0068833109980915
                ]
            ]
        },
        "build times": {
            "4": [
                1.9662022150005214
            ]
        },
        "errors": {
            "4": [
                [
                    1.0
                ],
                [
                    0.006560783178006501
                ],
                [
                    0.000125436673943755
                ],
                [
                    2.1822786741088316e-06
                ],
                [
                    3.567554627824294e-08
                ],
                [
                    5.705406922724559e-10
                ],
                [
                    9.054563470380158e-12
                ],
                [
                    1.442767427374963e-13
                ],
                [
                    8.608208884217228e-15
                ],
                [
                    7.473352584506588e-15
                ],
                [
                    7.46166685645651e-15
                ]
            ]
        },
        "iteration times": {
            "4": [
                0.023366256593726577
            ]
        }
    },
    "SJLT": {
        "all_times": {
            "4": [
                [
                    0.0
                ],
                [
                    0.6438432760041906
                ],
                [
                    0.6490181890112581
                ],
                [
                    0.6541817429970251
                ],
                [
                    0.6593489450024208
                ],
                [
                    0.66452108300291
                ],
                [
                    0.6697091440000804
                ],
                [
                    0.6748800790082896
                ],
                [
                    0.6800515950017143
                ],
                [
                    0.6852036710042739
                ],
                [
                    0.6903761170106009
                ]
            ]
        },
        "build times": {
            "4": [
                0.6380805350054288
            ]
        },