{
    "Exact": {
        "solve time": {
            "5": [
                0.19083017199591268
            ]
        }
    },
    "FD": {
        "all_times": {
            "5": [
                [
                    0.0
                ],
                [
                    5.16477067800588
                ],
                [
                    5.175023827003315
                ],
                [
                    5.185249757996644
                ],
                [
                    5.195439449002151
                ],
                [
                    5.205626348004444
                ],
                [
                    5.215854666006635
                ],
                [
                    5.2260290480044205
                ],
                [
                    5.236257376003778
                ],
                [
                    5.246444728007191
                ],
                [
                    5.256631163996644
                ]
            ]
        },
        "build times": {
            "5": [
                5.149285713996505
            ]
        },
        "errors": {
            "5": [
                [
                    1.0
                ],
                [
                    0.0065772719178141216
                ],
                [
                    0.00013820670108163303
                ],
                [
                    2.79230704673407e-06
                ],
                [
                    5.345253630386196e-08
                ],
                [
                    1.0055443625221308e-09
                ],
                [
                    1.8816544910246976e-11
                ],
                [
                    3.52010778363766e-13
                ],
                [
                    1.060348046017619e-14
                ],
                [
                    8.157183322897077e-15
                ],
                [
                    8.043641074929138e-15
                ]
            ]
        },
        "iteration times": {
            "5": [
                0.061446990206604823
            ]
        }
    },
    "Gauss": {
        "all_times": {
            "5": [
                [
                    0.0
                ],
                [
                    0.28168298600940034
                ],
                [
                    0.29410112601181027
                ],
                [
                    0.3063879070105031
                ],
                [
                    0.31854281001142226
                ],
                [
                    0.3307344680069946
                ],
                [
                    0.34289147600065917
                ],
                [
                    0.355085916002281
                ],
                [
                    0.3672742650087457
                ],
                [
                    0.37944188600522466
                ],
                [
                    0.3915776060021017
                ]
            ]
        },
        "build times": {
            "5": [
                0.26895008400606457
            ]
        },
        "errors": {
            "5": [
                [
                    1.0
                ],
                [
                    0.3929431511740689
                ],
                [
                    0.08768762321426375
                ],
                [
                    0.030128749806857452
                ],
                [
                    0.008853581575527784
                ],
                [
                    0.0031370007109902567
                ],
                [
                    0.001137522839127068
                ],
                [
                    0.000447875906626352
                ],
                [
                    0.00019093159666380726
                ],
                [
                    8.382341811927544e-05
                ],
                [
                    3.902562669905324e-05
                ]
            ]
        },
        "iteration times": {
            "5": [
                0.0678219606008497
            ]
        }
    },
    "RFD": {
        "all_times": {
            "5": [
                [
                    0.0
                ],
                [
                    4.951172347995453
                ],
                [
                    4.961425668996526
                ],
                [
                    4.97164598199015
                ],
                [
                    4.981853523000609
                ],
                [
                    4.992055065988097
                ],
                [
                    5.002304481997271
                ],
                [
                    5.012514816990006
                ],
                [
                    5.022714472986991
                ],
                [
                    5.032914323994191
                ],
                [
                    5.043100285998662
                ]
            ]
        },
        "build times": {
            "5": [
                4.935707683995133
            ]
        },
        "errors": {
            "5": [
                [
                    1.0
                ],
                [
                    0.0065772808928375275
                ],
                [
                    0.0001382069816406519
                ],
                [
                    2.7923306524225637e-06
                ],
                [
                    5.3453322967575694e-08
                ],
                [
                    1.0055650638444358e-09
                ],
                [
                    1.8817085540069973e-11
                ],
                [
                    3.5198417694732717e-13
                ],
                [
                    1.0620545141497614e-14
                ],
                [
                    8.109669533817818e-15
                ],
                [
                    7.990925580975594e-15
                ]
            ]
        },
        "iteration times": {
            "5": [
                0.06146241299866233
            ]
        }
    },
    "SJLT": {
        "all_times": {
            "5": [
                [
                    0.0
                ],
                [
                    0.7271480539930053
                ],
                [
                    0.7393735049990937
                ],
                [
                    0.7515910379879642
                ],
                [
                    0.763784973998554
                ],
                [
                    0.7759782809880562
                ],
                [
                    0.7881665179884294
                ],
                [
                    0.8003129629942123
                ],
                [
                    0.812502543994924
                ],
                [
                    0.824714338988997
                ],
                [
                    0.8369026219879743
                ]
            ]
        },
        "build times": {
            "5": [
                0.7146642890002113
            ]
        },