{
    "Exact": {
        "solve time": {
            "2": [
                0.23447308299364522
            ]
        }
    },
    "FD": {
        "all_times": {
            "2": [
                [
                    0.0
                ],
                [
                    6.112039872998139
                ],
                [
                    6.124619063994032
                ],
                [
                    6.137169681998785
                ],
                [
                    6.149713706996408
                ],
                [
                    6.162246302003041
                ],
                [
                    6.174783437003498
                ],
                [
                    6.187324744998477
                ],
                [
                    6.199854753998807
                ],
                [
                    6.212412797991419
                ],
                [
                    6.2249257450021105
                ]
            ]
        },
        "build times": {
            "2": [
                6.093124213992269
            ]
        },
        "errors": {
            "2": [
                [
                    1.0
                ],
                [
                    0.03693211384683292
                ],
                [
                    0.002084124238376148
                ],
                [
                    0.0001288345605725554
                ],
                [
                    8.302208885297586e-06
                ],
                [
                    5.50230372743297e-07
                ],
                [
                    3.719043254488124e-08
                ],
                [
                    2.5506093054225047e-09
                ],
                [
                    1.7691348803715404e-10
                ],
                [
                    1.238281821922328e-11
                ],
                [
                    8.732844171242379e-13
                ]
            ]
        },
        "iteration times": {
            "2": [
                0.0753847967062029
            ]
        }
    },
    "Gauss": {
        "all_times": {
            "2": [
                [
                    0.0
                ],
                [
                    0.29745157399156597
                ],
                [
                    0.31216121499892324
                ],
                [
                    0.32689589899382554
                ],
                [
                    0.3415617540013045
                ],
                [
                    0.35627212999679614
                ],
                [
                    0.37097918799554463
                ],
                [
                    0.3856536289968062
                ],
                [
                    0.4003250969981309
                ],
                [
                    0.4150114109943388
                ],
                [
                    0.4296544279932277
                ]
            ]
        },
        "build times": {
            "2": [
                0.28248174699547235
            ]
        },
        "errors": {
            "2": [
                [
                    1.0
                ],
                [
                    0.8306879448056049
                ],
                [
                    0.7490222032693084
                ],
                [
                    0.9561143284126937
                ],
                [
                    1.2372233798498637
                ],
                [
                    1.654831747884361
                ],
                [
                    2.2487330851321543
                ],
                [
                    3.1049496692559577
                ],
                [
                    4.345028677361155
                ],
                [
                    6.153887783722806
                ],
                [
                    8.806218216054361
                ]
            ]
        },
        "iteration times": {
            "2": [
                0.08111488550057402
            ]
        }
    },
    "RFD": {
        "all_times": {
            "2": [
                [
                    0.0
                ],
                [
                    6.107462979998672
                ],
                [
                    6.1200013130001025
                ],
                [
                    6.132516586003476
                ],
                [
                    6.145011700995383
                ],
                [
                    6.15752838399203
                ],
                [
                    6.16999738800223
                ],
                [
                    6.182485520999762
                ],
                [
                    6.194984128989745
                ],
                [
                    6.20750823400158
                ],
                [
                    6.2200045049976325
                ]
            ]
        },
        "build times": {
            "2": [
                6.08863021399884
            ]
        },
        "errors": {
            "2": [
                [
                    1.0
                ],
                [
                    0.019164893134370906
                ],
                [
                    0.0005908762476645022
                ],
                [
                    2.4313530302761375e-05
                ],
                [
                    1.2567563470523347e-06
                ],
                [
                    7.372135526376624e-08
                ],
                [
                    4.54612120539114e-09
                ],
                [
                    2.865029515252539e-10
                ],
                [
                    1.826706419427441e-11
                ],
                [
                    1.1735124447471847e-12
                ],
                [
                    7.610967304217457e-14
                ]
            ]
        },
        "iteration times": {
            "2": [
                0.07511986009922111
            ]
        }
    },
    "SJLT": {
        "all_times": {
            "2": [
                [
                    0.0
                ],
                [
                    0.7485135460010497
                ],
                [
                    0.7632050479878671
                ],
                [
                    0.7778820439998526
                ],
                [
                    0.7925605130003532
                ],
                [
                    0.8072817520005628
                ],
                [
                    0.8219652219995623
                ],
                [
                    0.8366004889976466
                ],
                [
                    0.8513022769911913
                ],
                [
                    0.8659860959887737
                ],
                [
                    0.880674686995917
                ]
            ]
        },
        "build times": {
            "2": [
                0.7335323129955214
            ]
        },