{
    "FD Error": {
        "-1": [
            [
                1.0,
                1.0
            ],
            [
                0.9657890355716513,
                0.9893605439973667
            ],
            [
                1.0514569157042988,
                1.0817714881354596
            ],
            [
                1.2017985222687082,
                1.2298838600322228
            ]
        ]
    },
    "RFD Error": {
        "-1": [
            [
                1.0,
                1.0
            ],
            [
                0.5734547156714562,
                0.60400942481185
            ],
            [
                0.4925654154178048,
                0.5437806020563702
            ],
            [
                0.47383551889615544,
                0.5444657374015187
            ]
        ]
    }
}