{
    "FD Error": {
        "-1": [
            [
                1.0,
                1.0,
                1.0,
                1.0,
                1.0
            ],
            [
                0.22532110693109283,
                0.24051845804552657,
                0.2007750669312662,
                0.235952967191599,
                0.23634834790345624
            ],
            [
                0.07212261978068919,
                0.08507512045550675,
                0.06147729772079194,
                0.07063934566731359,
                0.08072500230612745
            ],
            [
                0.02708845223794786,
                0.03589433871895198,
                0.025186141257577323,
                0.024814616163703215,
                0.03225449068454582
            ],
            [
                0.010829835811293934,
                0.016034862993332424,
                0.011357347481805086,
                0.009543184694367837,
                0.01371221171500156
            ],
            [
                0.004487321932937837,
                0.0073149369912826785,
                0.0052777931585346665,
                0.003876823927096645,
                0.0060320944951590075
            ]
        ],
        "0": [
            [
                1.0,
                1.0,
                1.0,
                1.0,
                1.0
            ],
            [
                0.13598442633357213,
                0.13900314432144065,
                0.1281632832893505,
                0.1457151026309573,
                0.1387601882897335
            ],
            [
                0.022205417782714842,
                0.023259005540675462,
                0.018965918405007203,
                0.02359918962572939,
                0.02356058677592897
            ],
            [
                0.004192920795003463,
                0.0045740665810256225,
                0.00338392013500675,
                0.0041846484761309845,
                0.004651221689610723
            ],
            [
                0.000857100800706497,
                0.000989957344272119,
                0.0007026595493629774,
                0.0007947538966525741,
                0.0009932101612129894
            ],
            [
                0.00018215327551656624,
                0.00022465730245337546,
                0.00015836328809133214,
                0.00015846020124468522,
                0.00022051633093388148
            ]
        ],
        "1": [
            [
                1.0,
                1.0,
                1.0,
                1.0,
                1.0
            ],
            [
                0.08280539990829522,
                0.08364722255968832,
                0.08150021404747504,
                0.08805203416243022,
                0.08328377573609942
            ],
            [
                0.007332258590808486,
                0.007449420039040487,
                0.006915580162589742,
                0.00809805842684859,
                0.007481424088720983
            ],
            [
                0.0006985512999141901,
                0.0007116233186612361,
                0.000618565112902478,
                0.0007755855794967429,
                0.0007291455914275663
            ],
            [
                7.106785735227257e-05,
                7.267255672913322e-05,
                5.898484482307377e-05,
                7.704055959476177e-05,
                7.619828133371284e-05
            ],
            [
                7.594662801468835e-06,
                7.834955507136934e-06,
                6.014103026004777e-06,
                7.897474313469114e-06,
                8.365376243383097e-06
            ]
        ],
        "2": [
            [
                1.0,
                1.0,
                1.0,
                1.0,
                1.0
            ],
            [
                0.04859153471064298,
                0.04881614167193811,
                0.04858819228643338,
                0.05058997543100756,
                0.04861555079507385
            ],
            [
                0.0024145928657451363,
                0.0024337031276407185,
                0.002393943536322455,
                0.002606797238658555,
                0.0024226881438707036
            ],
            [
                0.00012295278489122494,
                0.00012406951787419042,
                0.0001196984310811049,
                0.0001365962013070131,
                0.00012412929766882606
            ],
            [
                6.4247159970495955e-06,
                6.474791100728219e-06,
                6.083606015398869e-06,
                7.271009707231765e-06,
                6.549956772425129e-06
            ],
            [
                3.44457276463932e-07,
                3.45954314471545e-07,
                3.1484741408799093e-07,
                3.9273105138463507e-07,
                3.5570618816475653e-07
            ]
        ]
    },
    "RFD Error": {
        "-1": [
            [
                1.0,
                1.0,
                1.0,
                1.0,
                1.0
            ],
            [
                0.1134636381356307,
                0.12318406290064778,
                0.09913815354885579,
                0.1257355045690541,
                0.11481729801355835
            ],
            [
                0.0279738728090239,
                0.029778016129439512,
                0.020870284443717607,
                0.03206204256005095,
                0.026209423956404063
            ],
            [
                0.00999664505997299,
                0.009553662542407516,
                0.006740984440217739,
                0.011181974469381148,
                0.008753620934938807
            ],
            [
                0.0038732457858214058,
                0.0033681827763567106,
                0.0024322131802655992,
                0.004166595886013096,
                0.003283021464976416
            ],
            [
                0.001532195302018473,
                0.0012435074694517754,
                0.0009119415852079216,
                0.0015869136288068977,
                0.001276954127341531
            ]
        ],
        "0": [
            [
                1.0,
                1.0,
                1.0,
                1.0,
                1.0
            ],
            [
                0.06544383028292712,
                0.06791358025381394,
                0.06075725115801909,
                0.07158728148475785,
                0.06600187443003087
            ],
            [
                0.006569957461705627,
                0.0069155106328870775,
                0.0051331152126074635,
                0.00749061172698668,
                0.006392899581688399
            ],
            [
                0.0010211959712068078,
                0.0010070540082561148,
                0.0006900148509138693,
                0.0011544246678392113,
                0.0009201138437087542
            ],
            [
                0.00019056715123172646,
                0.0001728662465524472,
                0.00011848808718284092,
                0.00020896738673533856,
                0.00016339209791127584
            ],
            [
                3.741674618476708e-05,
                3.176145046658248e-05,
                2.1983749266901815e-05,
                3.964829130642792e-05,
                3.132283273454387e-05
            ]
        ],