{
    "FD Error": {
        "-1": [
            [
                1.0,
                1.0,
                1.0,
                1.0,
                1.0,
                1.0,
                1.0,
                1.0,
                1.0,
                1.0
            ],
            [
                0.6763412087542419,
                0.6943080940244156,
                0.653860515385382,
                0.6593063356075536,
                0.6707430444296875,
                0.6818246205879767,
                0.656822240624804,
                0.6640547182848172,
                0.6875941824003443,
                0.690710263860519
            ],
            [
                0.5119831075185326,
                0.5426883125560685,
                0.49085949024625414,
                0.4921916089511356,
                0.5110120537444793,
                0.5218766798528761,
                0.49403041268517073,
                0.5021886489982034,
                0.533381066743691,
                0.5344378535581049
            ],
            [
                0.407734633870941,
                0.44614462943428757,
                0.3923293251338133,
                0.38880929682645876,
                0.4115491578548514,
                0.41935525130424944,
                0.39408894899370694,
                0.40451981273845783,
                0.43608779525040486,
                0.4340620562218462
            ],
            [
                0.3349463223622601,
                0.3777812924165593,
                0.3249740678679492,
                0.31793905012235607,
                0.34278585349819446,
                0.3469368239563274,
                0.32532555865023416,
                0.33832261191748136,
                0.3675055296525834,
                0.36324911145023214
            ],
            [
                0.2812661665719626,
                0.326368203270993,
                0.2754367453539077,
                0.2661326010059955,
                0.29225303838279004,
                0.29291987013513837,
                0.2747963282454294,
                0.29004746596958697,
                0.315953058766445,
                0.3104398514719862
            ]
        ],
        "0": [
            [
                1.0,
                1.0,
                1.0,
                1.0,
                1.0,
                1.0,
                1.0,
                1.0,
                1.0,
                1.0
            ],
            [
                0.3477218735048024,
                0.3576384386347785,
                0.3376834584966016,
                0.33981608176304645,
                0.3459714702928007,
                0.3511117215715593,
                0.3394213834980919,
                0.34227946518192526,
                0.35412298755542654,
                0.35574492295678906
            ],
            [
                0.13358512226595048,
                0.14186155236016518,
                0.12898326946292699,
                0.12889416629039094,
                0.1338848460825073,
                0.136345562914192,
                0.12980714424749887,
                0.13163718546267136,
                0.13948178438585204,
                0.1396943067135469
            ],
            [
                0.053783064592188866,
                0.05893165028789258,
                0.05218955270344292,
                0.05150902620553799,
                0.05453418393932472,
                0.055350239723397976,
                0.05238177731168588,
                0.05366021200599695,
                0.05765555396465114,
                0.05735790399907873
            ],
            [
                0.02229828551778128,
                0.025168626929914627,
                0.021834535373943007,
                0.021260994936267937,
                0.022928489797727818,
                0.023090079985029762,
                0.021824446371061932,
                0.022655624122169288,
                0.024518468064943625,
                0.024222463639107825
            ],
            [
                0.009441228610395569,
                0.010955736692278745,
                0.009336322004343239,
                0.008971386214481795,
                0.009856670354483907,
                0.009819655778440068,
                0.009292257144081589,
                0.00979175807603483,
                0.010626133010033262,
                0.01043496610705732
            ]
        ],
        "1": [
            [
                1.0,
                1.0,
                1.0,
                1.0,
                1.0,
                1.0,
                1.0,
                1.0,
                1.0,
                1.0
            ],
            [
                0.176820801226284,
                0.18205293223044128,
                0.17222689063121618,
                0.1730507067575636,
                0.17626190952440127,
                0.17867076065034235,
                0.17312479079716137,
                0.17437385164392555,
                0.18027938574995966,
                0.18103751299525758
            ],
            [
                0.034282623241535165,
                0.036442953089835584,
                0.03325535771497818,
                0.03315095482896348,
                0.03444380292361154,
                0.03500480283573897,
                0.03345226560074599,
                0.03389290591996502,
                0.035847930881800306,
                0.035875697820815663
            ],
            [
                0.006949232779053039,
                0.007619592629121159,
                0.006780351427145578,
                0.0066726075440358135,
                0.0070654941650688,
                0.007151003150211593,
                0.0067991732364232295,
                0.006960651951060517,
                0.0074602658776912155,
                0.007416062034888475
            ],
            [
                0.001448979593505332,
                0.00163586925879787,
                0.0014272427839800077,
                0.0013852523993833849,
                0.001494143691133033,
                0.0014994011286455211,
                0.0014247288090240239,
                0.0014782248016937025,
                0.001595236182931599,
                0.0015748959854996751
            ],
            [
                0.0003083511188631985,
                0.0003577230394923209,
                0.0003068109828795618,
                0.0002937408891828522,
                0.0003228223129569799,
                0.00032028657786247334,
                0.0003048338812737966,
                0.0003210695603638216,
                0.0003473963504996768,
                0.00034093439544483355
            ]
        ],