{
    "FD Error": {
        "-1": [
            [
                1.0
            ],
            [
                0.5514011017651484
            ],
            [
                0.3465376124921137
            ],
            [
                0.23081906068997773
            ],
            [
                0.15902923373715364
            ],
            [
                0.11206411416144513
            ]
        ],
        "0": [
            [
                1.0
            ],
            [
                0.28341463398227573
            ],
            [
                0.09029862607708454
            ],
            [
                0.030354375922968826
            ],
            [
                0.010532950570766617
            ],
            [
                0.003734002712021069
            ]
        ],
        "1": [
            [
                1.0
            ],
            [
                0.1440559804875034
            ],
            [
                0.023144660066273724
            ],
            [
                0.0039125861697019565
            ],
            [
                0.00068187593280109
            ],
            [
                0.00012131933051273115
            ]
        ],
        "2": [
            [
                1.0
            ],
            [
                0.07268699578379474
            ],
            [
                0.005867177304745438
            ],
            [
                0.0004975439257758411
            ],
            [
                4.346532523719527e-05
            ],
            [
                3.8748688046578785e-06
            ]
        ]
    },
    "RFD Error": {
        "-1": [
            [
                1.0
            ],
            [
                0.45262203902447257
            ],
            [
                0.2571182530616284
            ],
            [
                0.15898497767713604
            ],
            [
                0.10187497805154727
            ],
            [
                0.06690033297644381
            ]
        ],
        "0": [
            [
                1.0
            ],
            [
                0.2315608074283512
            ],
            [
                0.06648304250263788
            ],
            [
                0.020689935067827715
            ],
            [
                0.006664875849070263
            ],
            [
                0.00219834831858054
            ]
        ],
        "1": [
            [
                1.0
            ],
            [
                0.1174195515246684
            ],
            [
                0.016985533613822486
            ],
            [
                0.002653142795819493
            ],
            [
                0.00042891311574001203
            ],
            [
                7.095464115516637e-05
            ]
        ],
        "2": [
            [
                1.0
            ],
            [
                0.05917737706813615
            ],
            [
                0.0043007326280463005
            ],
            [
                0.0003365640462829462
            ],
            [
                2.7265561849798674e-05
            ],
            [
                2.259337384179069e-06
            ]
        ]
    }
}