{
    "FD Error": {
        "-1": [
            [
                1.0,
                1.0,
                1.0,
                1.0,
                1.0
            ],
            [
                0.5375176769732016,
                0.558104357770836,
                0.5484215241751939,
                0.5584767648134032,
                0.5591070174028513
            ],
            [
                0.3300131965575375,
                0.35424443785076437,
                0.34308372667685344,
                0.3503497630663369,
                0.3535613870927167
            ],
            [
                0.21587495161497322,
                0.238147476661845,
                0.22809718378360797,
                0.23227376286067686,
                0.23664706725450427
            ],
            [
                0.14689329030621018,
                0.1658306181713065,
                0.15733545601274676,
                0.1593340625100364,
                0.16387046854226628
            ],
            [
                0.10270682521606066,
                0.11832190941814062,
                0.1112704045980984,
                0.11191270813048755,
                0.11609346804468923
            ]
        ],
        "0": [
            [
                1.0,
                1.0,
                1.0,
                1.0,
                1.0
            ],
            [
                0.2761179482639655,
                0.2870482289605714,
                0.2818149040592348,
                0.28630713227143717,
                0.2869296976661307
            ],
            [
                0.0859675215119426,
                0.09240715578540705,
                0.0893874984200027,
                0.09099929548631956,
                0.09195550898998488
            ],
            [
                0.028397376003752126,
                0.03137449422034579,
                0.029997843977228357,
                0.030444383356055114,
                0.031063666809042975
            ],
            [
                0.00973726449171775,
                0.011011503604483655,
                0.010422109419112096,
                0.010517728383470567,
                0.0108345598313962
            ],
            [
                0.003426400754241445,
                0.00395511933936568,
                0.003707844950922253,
                0.003716091672727682,
                0.003861593534204752
            ]
        ],
        "1": [
            [
                1.0,
                1.0,
                1.0,
                1.0,
                1.0
            ],
            [
                0.14031001132768378,
                0.14594250202048453,
                0.14322712310936883,
                0.14530095901212078,
                0.14571561521844958
            ],
            [
                0.022035282800962733,
                0.023697453115167185,
                0.022911308511223676,
                0.023279670733282846,
                0.02354510723676455
            ],
            [
                0.0036621462799580587,
                0.004047939491076852,
                0.0038672267431000816,
                0.003916481807794866,
                0.004000068072082313
            ],
            [
                0.0006309348920602803,
                0.0007138591719305904,
                0.0006748577993014438,
                0.0006795527971430167,
                0.0007007493313564144
            ],
            [
                0.0001114583953672399,
                0.00012873201152746236,
                0.00012049560471901368,
                0.000120496599860464,
                0.00012535100118231745
            ]
        ],
        "2": [
            [
                1.0,
                1.0,
                1.0,
                1.0,
                1.0
            ],
            [
                0.07078894494561089,
                0.07364777538603103,
                0.07226554415905914,
                0.07325273577359659,
                0.07349066118139069
            ],
            [
                0.005586503073497104,
                0.00600889763246633,
                0.005808257391080803,
                0.005895208532458856,
                0.005965522164829936
            ],
            [
                0.00046587980165930815,
                0.0005150194058799762,
                0.0004918441288395096,
                0.0004975049634272985,
                0.0005084136700244789
            ],
            [
                4.024421013439797e-05,
                4.553882245760609e-05,
                4.30263503822303e-05,
                4.327108717266774e-05,
                4.4647453121500704e-05
            ],
            [
                3.5628718093654625e-06,
                4.115601929987787e-06,
                3.84930014320288e-06,
                3.844461698560905e-06,
                4.001813605879611e-06
            ]
        ]
    },
    "RFD Error": {
        "-1": [
            [
                1.0,
                1.0,
                1.0,
                1.0,
                1.0
            ],
            [
                0.4649207922344438,
                0.4528472647931215,
                0.45694630193639507,
                0.46298370187164845,
                0.465213895170404
            ],
            [
                0.26561517808614354,
                0.25956080544589555,
                0.2598778524317158,
                0.26570453005514444,
                0.2664092684952703
            ],
            [
                0.16480519679547437,
                0.16230248910555584,
                0.16183304616485622,
                0.16632808105630875,
                0.16638931297009787
            ],
            [
                0.10626476165146455,
                0.10529807504736333,
                0.10466423328385885,
                0.10781275281098161,
                0.10783988872967831
            ],
            [
                0.07031393809477825,
                0.07007107854403481,
                0.0694449629390797,
                0.07160364397634013,
                0.07170446182916262
            ]
        ],
        "0": [
            [
                1.0,
                1.0,
                1.0,
                1.0,
                1.0
            ],
            [
                0.23809143208731925,
                0.2316177918461095,
                0.23395449489593753,
                0.23656009773637127,
                0.23780631150230774
            ],
            [
                0.06875339101706238,
                0.06711356236572343,
                0.06731726431561254,
                0.06858880786947254,
                0.06888537047158601
            ],
            [
                0.02148001067281675,
                0.021121390955480726,
                0.021106586725250977,
                0.02159274704137744,
                0.021658004647076495
            ],
            [
                0.0069652132736027755,
                0.006890002612485382,
                0.006864876788605858,
                0.007032862278075059,
                0.007057348236278987
            ],
            [
                0.002315659946671084,
                0.002303686577454526,
                0.00228867695395609,
                0.002345410482079201,
                0.002356975291291397
            ]
        ],