{
    "FD Error": {
        "-1": [
            [
                1.0,
                1.0,
                1.0,
                1.0,
                1.0
            ],
            [
                0.21112262056383735,
                0.223708253978754,
                0.18787325090476176,
                0.23216701984881155,
                0.25254202241332757
            ],
            [
                0.060046006743495424,
                0.05998489281810944,
                0.04915971835437639,
                0.07028825750225719,
                0.08214733200032458
            ],
            [
                0.021569336567853953,
                0.018762216445061857,
                0.01760927545456458,
                0.02544222303234174,
                0.031029313106165423
            ],
            [
                0.008788169575612593,
                0.006708637917261267,
                0.0074350066857293284,
                0.010172083781218871,
                0.012664698826096998
            ],
            [
                0.003795124750511497,
                0.002664803013915498,
                0.0033546038360464632,
                0.004299991170816575,
                0.005403592193415067
            ]
        ],
        "0": [
            [
                1.0,
                1.0,
                1.0,
                1.0,
                1.0
            ],
            [
                0.13586025552678968,
                0.14575415449411286,
                0.12654547429083976,
                0.14486498493322436,
                0.15293703417332696
            ],
            [
                0.021003015631983923,
                0.02332282371838574,
                0.018129163927463977,
                0.023767419400450157,
                0.026455723925123627
            ],
            [
                0.003667215479037998,
                0.0040190965824885095,
                0.0030009336653603193,
                0.004331363626369408,
                0.005035915359932555
            ],
            [
                0.0007073033836805995,
                0.0007346593115992379,
                0.0005659529412452605,
                0.0008511506219581013,
                0.001021163231258815
            ],
            [
                0.00014675015973718075,
                0.0001411717212818249,
                0.00011729524496214644,
                0.0001760976151336168,
                0.00021545899816379212
            ]
        ],
        "1": [
            [
                1.0,
                1.0,
                1.0,
                1.0,
                1.0
            ],
            [
                0.084148606325028,
                0.08883614826359056,
                0.08106538785455684,
                0.0876763011599239,
                0.09065189877260502
            ],
            [
                0.0074594458406054606,
                0.008247227599272872,
                0.006868080019132638,
                0.008082409156380357,
                0.008641686664963472
            ],
            [
                0.000695904470414404,
                0.0007947631869331697,
                0.000612040061410217,
                0.0007818638252268838,
                0.0008624159104454425
            ],
            [
                6.803491247649031e-05,
                7.896631471884807e-05,
                5.751164308574217e-05,
                7.890490513388339e-05,
                8.944497941580427e-05
            ],
            [
                6.928918618682647e-06,
                8.042493965640146e-06,
                5.685066295029323e-06,
                8.24325456623536e-06,
                9.562901044408229e-06
            ]
        ],
        "2": [
            [
                1.0,
                1.0,
                1.0,
                1.0,
                1.0
            ],
            [
                0.049182980322600926,
                0.05094735867312011,
                0.04833709989520682,
                0.05048893658642602,
                0.051529430094967535
            ],
            [
                0.002469538732495085,
                0.002646028741282956,
                0.00237533195755801,
                0.0025986076759105027,
                0.0027068490469422325
            ],
            [
                0.000126523351569095,
                0.000139782551253439,
                0.00011879759397859989,
                0.0001362695682696474,
                0.00014478064970044967
            ],
            [
                6.609256032985483e-06,
                7.496417582581446e-06,
                6.051876760715666e-06,
                7.275003523812086e-06,
                7.874348040134996e-06
            ],
            [
                3.515725605753188e-07,
                4.073279122923448e-07,
                3.1411753242919663e-07,
                3.9491056775725944e-07,
                4.348015841736612e-07
            ]
        ]
    },
    "RFD Error": {
        "-1": [
            [
                1.0,
                1.0,
                1.0,
                1.0,
                1.0
            ],
            [
                0.09638116647130712,
                0.09809114932295186,
                0.08386807156144586,
                0.10880335575632276,
                0.11504290039300134
            ],
            [
                0.016465150217125562,
                0.011873752796311084,
                0.011491102188581978,
                0.022026242829197767,
                0.022623415068344973
            ],
            [
                0.004986901110579112,
                0.0019791118207018086,
                0.003017476126991782,
                0.0073520718783903795,
                0.007182117205099351
            ],
            [
                0.0018321984198502888,
                0.0005034761503251016,
                0.001051022555114484,
                0.0028166167171619827,
                0.00270160551813917
            ],
            [
                0.0007054217585790391,
                0.00016474111798339667,
                0.00039482907359508307,
                0.0011123889549456891,
                0.0010638325766868055
            ]
        ],
        "0": [
            [
                1.0,
                1.0,
                1.0,
                1.0,
                1.0
            ],
            [
                0.062345416297358,
                0.06605183301462876,
                0.05771109609995465,
                0.06739919244504543,
                0.07079709149461047
            ],
            [
                0.004887722718019556,
                0.004841502256205573,
                0.0039891369001268185,
                0.005993736699087515,
                0.006423927421881878
            ],
            [
                0.0005652812886933332,
                0.0003959378314744193,
                0.00038770943005918176,
                0.0008097424362781735,
                0.000839696551485924
            ],
            [
                9.22097230818107e-05,
                3.8557828686333025e-05,
                5.614252206224427e-05,
                0.0001442088922170789,
                0.00014505765895726276
            ],
            [
                1.7235393443117594e-05,
                4.905677072459638e-06,
                9.992395551263024e-06,
                2.80390705600951e-05,
                2.794226539070145e-05
            ]
        ],