{
    "FD Error": {
        "-1": [
            [
                1.0
            ],
            [
                0.19799611178064108
            ],
            [
                0.05353666141407385
            ],
            [
                0.018850932502601492
            ],
            [
                0.007660148634916578
            ],
            [
                0.0033170320757324482
            ]
        ],
        "0": [
            [
                1.0
            ],
            [
                0.1292424301347198
            ],
            [
                0.01896570249926404
            ],
            [
                0.003186577775961676
            ],
            [
                0.0006023305915947101
            ],
            [
                0.00012403810859710324
            ]
        ],
        "1": [
            [
                1.0
            ],
            [
                0.08178789798793762
            ],
            [
                0.0070221550811177015
            ],
            [
                0.000634851205583858
            ],
            [
                6.038879119741742e-05
            ],
            [
                6.0194466408457015e-06
            ]
        ],
        "2": [
            [
                1.0
            ],
            [
                0.048548206969499984
            ],
            [
                0.0024032185984744453
            ],
            [
                0.00012126992288143733
            ],
            [
                6.23651286041538e-06
            ],
            [
                3.2664875322055235e-07
            ]
        ]
    },
    "RFD Error": {
        "-1": [
            [
                1.0
            ],
            [
                0.1002974084524906
            ],
            [
                0.02060110519577973
            ],
            [
                0.0065483224162132545
            ],
            [
                0.0023604615324695397
            ],
            [
                0.0008954979532077849
            ]
        ],
        "0": [
            [
                1.0
            ],
            [
                0.06156173241299529
            ],
            [
                0.005176981885659
            ],
            [
                0.0006756581513174873
            ],
            [
                0.000115361972672406
            ],
            [
                2.170558264332881e-05
            ]
        ],
        "1": [
            [
                1.0
            ],
            [
                0.03866455084965424
            ],
            [
                0.0016703201825273625
            ],
            [
                8.879718950646199e-05
            ],
            [
                6.320001025770523e-06
            ],
            [
                5.551017059554526e-07
            ]
        ],
        "2": [
            [
                1.0
            ],
            [
                0.0230792545080937
            ],
            [
                0.000558413998356547
            ],
            [
                1.4583506530534851e-05
            ],
            [
                4.4095471343592226e-07
            ],
            [
                1.6478152124200076e-08
            ]
        ]
    }
}