{
    "FD Error": {
        "-1": [
            [
                1.0,
                1.0,
                1.0,
                1.0,
                1.0,
                1.0,
                1.0,
                1.0,
                1.0,
                1.0
            ],
            [
                0.9890083867937355,
                0.9648869449800342,
                1.0139168208681868,
                0.9702558655281576,
                0.9942405827447409,
                0.9807186571697467,
                0.9443662713506771,
                1.0074803962547176,
                0.986338346193662,
                0.9840474708024713
            ],
            [
                1.0996682961839688,
                1.0492406994281496,
                1.1319657889353123,
                1.0571741507121228,
                1.106812338297558,
                1.0787552270801766,
                1.0077916538669054,
                1.1217559279360865,
                1.0997396573449498,
                1.090418414287377
            ],
            [
                1.2733832378248684,
                1.2041390217657382,
                1.3077677827338814,
                1.2075594107042584,
                1.281454450433386,
                1.2429377538511817,
                1.137985359685848,
                1.2945070441915005,
                1.2830665286827587,
                1.258506844411769
            ],
            [
                1.5064551653155471,
                1.424399331126609,
                1.5404365260990442,
                1.4157478518050959,
                1.5145464612470014,
                1.4680109402098325,
                1.3278527765487917,
                1.5236494099404667,
                1.5312743358528502,
                1.4839450013915159
            ],
            [
                1.807065760058273,
                1.716690048041453,
                1.8387295670902228,
                1.6880330790401947,
                1.8142779282045336,
                1.7609805556451492,
                1.5825472177929163,
                1.8169262369922794,
                1.8523023934361698,
                1.774037611730917
            ]
        ],
        "0": [
            [
                1.0,
                1.0,
                1.0,
                1.0,
                1.0,
                1.0,
                1.0,
                1.0,
                1.0,
                1.0
            ],
            [
                0.5221651355930024,
                0.5046343681930594,
                0.5334809334543555,
                0.5081360010754693,
                0.5243394659898779,
                0.5141693248398286,
                0.49325950428020643,
                0.5293267922736824,
                0.5180744096664974,
                0.5206831471308984
            ],
            [
                0.30094730729324387,
                0.28329926908169123,
                0.3084181748407428,
                0.28595179168426005,
                0.3024358291742378,
                0.29223372760236954,
                0.271247296071393,
                0.30461280814781505,
                0.2982291873794635,
                0.29956509804018827
            ],
            [
                0.1797779851213687,
                0.16709232643966232,
                0.18381054804388372,
                0.1681103428148348,
                0.1806101218145677,
                0.17319980651702996,
                0.15707539212289598,
                0.1809452003030924,
                0.1787681254557359,
                0.17869118784812618
            ],
            [
                0.10948478381661468,
                0.10130820963760895,
                0.11147526470686686,
                0.10129451955010053,
                0.10988697312708409,
                0.1050048621493295,
                0.09373733771712853,
                0.10940423040638071,
                0.10938833020591394,
                0.10867986879781212
            ],
            [
                0.0675152975194093,
                0.062464657763499826,
                0.06840957577035608,
                0.06201821094884421,
                0.06767869029698441,
                0.06457660110969447,
                0.05703380023824446,
                0.06692344935573312,
                0.06777533333257486,
                0.06693129318786165
            ]
        ],
        "1": [
            [
                1.0,
                1.0,
                1.0,
                1.0,
                1.0,
                1.0,
                1.0,
                1.0,
                1.0,
                1.0
            ],
            [
                0.26992512132183627,
                0.25975425724173423,
                0.2750235987135858,
                0.2616580850377747,
                0.2708668610358951,
                0.2648992021614749,
                0.2536621328345882,
                0.272715367776345,
                0.26717946394528613,
                0.26948377259791256
            ],
            [
                0.07951455324303534,
                0.07444445817661514,
                0.08121113996678982,
                0.07516477912750316,
                0.07984572187656022,
                0.07685837033602606,
                0.0711279699413898,
                0.08009066988428196,
                0.07846657156831416,
                0.07933215050881401
            ],
            [
                0.024210183013183374,
                0.02235017681670626,
                0.024671249984434606,
                0.022506309981092616,
                0.024307173095982647,
                0.02319075573416533,
                0.020938280284276384,
                0.024224934808893,
                0.02392387991768853,
                0.024150123817887177
            ],
            [
                0.007506443585831385,
                0.006887299645206074,
                0.007620590884214485,
                0.0069012630338793415,
                0.00753220653838588,
                0.007150452609286827,
                0.006341660962124728,
                0.00745123766025915,
                0.00743792970438313,
                0.007488591787054432
            ],
            [
                0.0023551861603338265,
                0.0021564925729320957,
                0.002380672330427683,
                0.0021494377396699535,
                0.002361659829046128,
                0.0022353986397908748,
                0.0019564108576696857,
                0.0023175008919140623,
                0.002340647791990863,
                0.0023501459606105014
            ]
        ],