{
    "FD Error": {
        "-1": [
            [
                1.0,
                1.0,
                1.0,
                1.0,
                1.0,
                1.0,
                1.0,
                1.0,
                1.0,
                1.0
            ],
            [
                0.8195026551855308,
                0.8450796205492559,
                0.8173033709902631,
                0.8624441016579635,
                0.8675395064680491,
                0.8510027111798748,
                0.8577665097561432,
                0.8693652294660323,
                0.845797241400695,
                0.8601844304656693
            ],
            [
                0.7742707516257445,
                0.8104174375189055,
                0.7717899879954683,
                0.8429605379469562,
                0.8354705674037277,
                0.8260247944145415,
                0.8382820762405823,
                0.8572623613919965,
                0.8115925177629435,
                0.844071154495685
            ],
            [
                0.7767936620288313,
                0.8214608407082402,
                0.7747174256063575,
                0.8687783909511747,
                0.844229471377763,
                0.8442135631837714,
                0.8649048143726475,
                0.8912061509922351,
                0.8208393667879683,
                0.8707083083108701
            ],
            [
                0.8066479360079132,
                0.860796635780919,
                0.8044765162045985,
                0.9236369570807623,
                0.8791592103566562,
                0.8881639015642852,
                0.9194168303173571,
                0.9541767364031413,
                0.857307443279757,
                0.9236650531907912
            ],
            [
                0.8566686171225082,
                0.9230940082991576,
                0.8538305759566275,
                1.0026197418995018,
                0.9353292230276782,
                0.95296720456422,
                0.9961591437365572,
                1.0407531759626396,
                0.9159613270785991,
                0.9988329258314138
            ]
        ],
        "0": [
            [
                1.0,
                1.0,
                1.0,
                1.0,
                1.0,
                1.0,
                1.0,
                1.0,
                1.0,
                1.0
            ],
            [
                0.4271794763618671,
                0.43902992658123585,
                0.4261092941448496,
                0.4480977720700596,
                0.4486465694116541,
                0.44276131244235356,
                0.44616489123319497,
                0.45169916884275507,
                0.44030486805419206,
                0.44869923003097656
            ],
            [
                0.20652097926754057,
                0.21525403453808872,
                0.20602090731809092,
                0.2237817994766227,
                0.2206268458322938,
                0.21940642792373016,
                0.22293868278659054,
                0.22760368825853555,
                0.21613188544252698,
                0.22531796980160043
            ],
            [
                0.10544993829896676,
                0.11100886176077779,
                0.10526103893567117,
                0.1172963019487116,
                0.11341298921586071,
                0.11388868332166771,
                0.11700201958280829,
                0.12030540259776626,
                0.1113209043011615,
                0.11833372362740163
            ],
            [
                0.055585067219061875,
                0.05904651669709355,
                0.05547947299185172,
                0.06328110252341985,
                0.05996213858751073,
                0.06073390682236813,
                0.06313238298086124,
                0.06533572117705795,
                0.05909131725720685,
                0.06378080741063404
            ],
            [
                0.029920329364568964,
                0.03209542606690528,
                0.029841412234373196,
                0.034813485663152094,
                0.03234346873974348,
                0.0330007500309654,
                0.034686624032038565,
                0.03610131571798598,
                0.032049114386598125,
                0.03500565154659307
            ]
        ],
        "1": [
            [
                1.0,
                1.0,
                1.0,
                1.0,
                1.0,
                1.0,
                1.0,
                1.0,
                1.0,
                1.0
            ],
            [
                0.2191689396344338,
                0.2247970873361478,
                0.21870145707517483,
                0.22942396377337568,
                0.2290453889447712,
                0.22684965141093513,
                0.2286302629771467,
                0.2313119967766085,
                0.2256472879503729,
                0.2302478431641502
            ],
            [
                0.05376165467370919,
                0.055885945238435486,
                0.053669511321254026,
                0.058078661942309054,
                0.05706420708699924,
                0.056945247524008105,
                0.05792802836095231,
                0.059084050818346924,
                0.05618408869034267,
                0.05864452012048566
            ],
            [
                0.013879609236313779,
                0.014567982703753181,
                0.013864552351969648,
                0.015384828735932062,
                0.014824717026657238,
                0.014925977416640599,
                0.015364344075435236,
                0.015779323817555372,
                0.014637865278125387,
                0.015572244072785721
            ],
            [
                0.003692988408048578,
                0.003910844749322467,
                0.0036882134970962705,
                0.0041886906026559695,
                0.00395602179853402,
                0.004014325983300181,
                0.004183940375247164,
                0.004323068936137441,
                0.0039253826863296475,
                0.004238410377024463
            ],
            [
                0.0010024556274382498,
                0.0010718952357291296,
                0.0010003118755922379,
                0.0011619736868879787,
                0.001076105827749421,
                0.0010994416518573624,
                0.0011593769629119277,
                0.001204045656740865,
                0.0010747334058107245,
                0.001173916957090041
            ]
        ],